datetime,prefecture,ret_offices,ret_employees,ret_sales
1982-01-01,北海道,83603 ,482084 ,19059447000000 
1985-01-01,北海道,78860 ,466405 ,19629979000000 
1982-01-01,青森県,28676 ,126797 ,3224496000000 
1985-01-01,青森県,27022 ,124126 ,3331373000000 
1982-01-01,岩手県,26769 ,112400 ,2985548000000 
1985-01-01,岩手県,25262 ,109166 ,3223634000000 
1982-01-01,宮城県,39589 ,200675 ,9854831000000 
1985-01-01,宮城県,37611 ,194899 ,10328712000000 
1982-01-01,秋田県,25507 ,104484 ,2663395000000 
1985-01-01,秋田県,23886 ,100090 ,2892466000000 
1982-01-01,山形県,24959 ,104618 ,2819593000000 
1985-01-01,山形県,23649 ,100103 ,2876628000000 
1982-01-01,福島県,37843 ,157557 ,4027294000000 
1985-01-01,福島県,36174 ,154046 ,4417864000000 
1982-01-01,茨城県,43931 ,180953 ,4802799000000 
1985-01-01,茨城県,42166 ,183342 ,5429946000000 
1982-01-01,栃木県,34162 ,142729 ,3962782000000 
1985-01-01,栃木県,32473 ,139721 ,4403179000000 
1982-01-01,群馬県,33914 ,148471 ,4406021000000 
1985-01-01,群馬県,32336 ,144405 ,5149924000000 
1982-01-01,埼玉県,74012 ,326563 ,8835195000000 
1985-01-01,埼玉県,71908 ,338051 ,10433348000000 
1982-01-01,千葉県,64126 ,297617 ,7930400000000 
1985-01-01,千葉県,62119 ,308480 ,8797317000000 
1982-01-01,東京都,234501 ,1584410 ,163033307000000 
1985-01-01,東京都,219011 ,1521464 ,170234054000000 
1982-01-01,神奈川県,89407 ,435732 ,13452321000000 
1985-01-01,神奈川県,86184 ,450041 ,15234567000000 
1982-01-01,新潟県,48079 ,216137 ,6567099000000 
1985-01-01,新潟県,46065 ,210481 ,6906348000000 
1982-01-01,富山県,24084 ,102326 ,3362586000000 
1985-01-01,富山県,22979 ,99457 ,3644282000000 
1982-01-01,石川県,23334 ,106782 ,3983995000000 
1985-01-01,石川県,22477 ,105608 ,4114049000000 
1982-01-01,福井県,17230 ,71714 ,2166489000000 
1985-01-01,福井県,16564 ,72118 ,2292700000000 
1982-01-01,山梨県,16197 ,61435 ,1478065000000 
1985-01-01,山梨県,15405 ,61055 ,1561180000000 
1982-01-01,長野県,38393 ,170003 ,4905986000000 
1985-01-01,長野県,35643 ,163648 ,6222597000000 
1982-01-01,岐阜県,38345 ,164668 ,4383027000000 
1985-01-01,岐阜県,36704 ,163401 ,4743191000000 
1982-01-01,静岡県,66787 ,295270 ,9546990000000 
1985-01-01,静岡県,63955 ,292541 ,11059754000000 
1982-01-01,愛知県,115470 ,619117 ,38394099000000 
1985-01-01,愛知県,110685 ,624809 ,43875669000000 
1982-01-01,三重県,31000 ,127855 ,3081240000000 
1985-01-01,三重県,29950 ,128795 ,3433451000000 
1982-01-01,滋賀県,18888 ,77060 ,1720535000000 
1985-01-01,滋賀県,18059 ,78250 ,1903515000000 
1982-01-01,京都府,50899 ,246473 ,7722854000000 
1985-01-01,京都府,47764 ,239886 ,7590612000000 
1982-01-01,大阪府,173456 ,998861 ,70109079000000 
1985-01-01,大阪府,163525 ,995285 ,76527003000000 
1982-01-01,兵庫県,90774 ,402272 ,12319676000000 
1985-01-01,兵庫県,86541 ,400809 ,13200702000000 
1982-01-01,奈良県,18452 ,69043 ,1419093000000 
1985-01-01,奈良県,17753 ,70364 ,1467079000000 
1982-01-01,和歌山県,23916 ,88277 ,1867007000000 
1985-01-01,和歌山県,22733 ,85683 ,1935758000000 
1982-01-01,鳥取県,11614 ,51688 ,1337123000000 
1985-01-01,鳥取県,10891 ,49858 ,1363233000000 
1982-01-01,島根県,16692 ,67249 ,1569330000000 
1985-01-01,島根県,15752 ,64205 ,1624064000000 
1982-01-01,岡山県,34029 ,152702 ,4544105000000 
1985-01-01,岡山県,32438 ,151731 ,4986143000000 
1982-01-01,広島県,53080 ,259883 ,11138439000000 
1985-01-01,広島県,50242 ,252324 ,11438956000000 
1982-01-01,山口県,32009 ,138311 ,3629670000000 
1985-01-01,山口県,30141 ,134638 ,3993440000000 
1982-01-01,徳島県,17719 ,64108 ,1351042000000 
1985-01-01,徳島県,16881 ,64435 ,1452088000000 
1982-01-01,香川県,20892 ,93354 ,3896780000000 
1985-01-01,香川県,20014 ,91419 ,3975251000000 
1982-01-01,愛媛県,29777 ,120749 ,3120589000000 
1985-01-01,愛媛県,28431 ,119276 ,3347237000000 
1982-01-01,高知県,18706 ,72640 ,1560234000000 
1985-01-01,高知県,17699 ,69988 ,1484475000000 
1982-01-01,福岡県,87274 ,454204 ,18990420000000 
1985-01-01,福岡県,82841 ,448921 ,20399025000000 
1982-01-01,佐賀県,16846 ,68705 ,1528219000000 
1985-01-01,佐賀県,16046 ,68732 ,1637737000000 
1982-01-01,長崎県,30706 ,124657 ,2677685000000 
1985-01-01,長崎県,29152 ,123419 ,2926848000000 
1982-01-01,熊本県,33689 ,144376 ,3512772000000 
1985-01-01,熊本県,31439 ,140988 ,3780569000000 
1982-01-01,大分県,24417 ,102403 ,2387559000000 
1985-01-01,大分県,23188 ,102006 ,2448440000000 
1982-01-01,宮崎県,23253 ,97948 ,2176130000000 
1985-01-01,宮崎県,21773 ,93089 ,2244337000000 
1982-01-01,鹿児島県,36545 ,139037 ,3326340000000 
1985-01-01,鹿児島県,34261 ,136358 ,3631295000000 
1982-01-01,沖縄県,26772 ,85948 ,1675741000000 
1985-01-01,沖縄県,25008 ,89135 ,1875682000000 
1988-01-01,北海道,80523 ,500484 ,20736320000000 
1991-01-01,北海道,82431 ,523590 ,24761277000000 
1994-01-01,北海道,77174 ,540385 ,23422041000000 
1997-01-01,北海道,71872 ,521721 ,23943919000000 
1999-01-01,北海道,71980 ,547818 ,22300001000000 
2002-01-01,北海道,66506 ,516518 ,20247834000000 
2004-01-01,北海道,64471 ,502536 ,19728125000000 
2007-01-01,北海道,58236 ,463793 ,17819365000000 
2012-01-01,北海道,57265 ,455615 ,15474987000000 
2014-01-01,北海道,58090 ,471751 ,16455227000000 
1988-01-01,青森県,26230 ,124869 ,3319602000000 
1991-01-01,青森県,26307 ,126304 ,3947389000000 
1994-01-01,青森県,24644 ,129906 ,4157179000000 
1997-01-01,青森県,22862 ,125129 ,4297858000000 
1999-01-01,青森県,22866 ,133093 ,4102661000000 
2002-01-01,青森県,21030 ,130458 ,3693933000000 
2004-01-01,青森県,20214 ,125723 ,3577699000000 
2007-01-01,青森県,18672 ,119221 ,3310311000000 
2012-01-01,青森県,16314 ,109099 ,2833757000000 
2014-01-01,青森県,16361 ,112189 ,2994264000000 
1988-01-01,岩手県,25244 ,113999 ,3324065000000 
1991-01-01,岩手県,24826 ,116130 ,3883787000000 
1994-01-01,岩手県,23622 ,122064 ,4255924000000 
1997-01-01,岩手県,22326 ,119396 ,4306151000000 
1999-01-01,岩手県,22062 ,124745 ,4045502000000 
2002-01-01,岩手県,20295 ,118983 ,3525821000000 
2004-01-01,岩手県,19516 ,115600 ,3383463000000 
2007-01-01,岩手県,17922 ,110081 ,3188084000000 
2012-01-01,岩手県,15623 ,102192 ,2856886000000 
2014-01-01,岩手県,15916 ,110259 ,2855776000000 
1988-01-01,宮城県,39225 ,222912 ,11414928000000 
1991-01-01,宮城県,40020 ,236228 ,14640661000000 
1994-01-01,宮城県,37507 ,245089 ,14169359000000 
1997-01-01,宮城県,34539 ,231032 ,13610705000000 
1999-01-01,宮城県,35773 ,255461 ,12579257000000 
2002-01-01,宮城県,32733 ,236848 ,10933309000000 
2004-01-01,宮城県,31706 ,227982 ,10236543000000 
2007-01-01,宮城県,29498 ,230396 ,10601386000000 
2012-01-01,宮城県,26006 ,208915 ,9433322000000 
2014-01-01,宮城県,27452 ,224086 ,10044140000000 
1988-01-01,秋田県,23874 ,104504 ,3129621000000 
1991-01-01,秋田県,23548 ,107701 ,3489763000000 
1994-01-01,秋田県,21868 ,105840 ,3622678000000 
1997-01-01,秋田県,20493 ,103701 ,3751464000000 
1999-01-01,秋田県,20346 ,108970 ,3532500000000 
2002-01-01,秋田県,18047 ,100238 ,2714120000000 
2004-01-01,秋田県,17521 ,98775 ,2626070000000 
2007-01-01,秋田県,15665 ,92958 ,2470794000000 
2012-01-01,秋田県,13947 ,84970 ,2081876000000 
2014-01-01,秋田県,13536 ,86426 ,2075476000000 
1988-01-01,山形県,23782 ,104959 ,3136724000000 
1991-01-01,山形県,23547 ,106955 ,3650875000000 
1994-01-01,山形県,22263 ,111008 ,3683293000000 
1997-01-01,山形県,20814 ,105972 ,3492438000000 
1999-01-01,山形県,20684 ,110372 ,3289943000000 
2002-01-01,山形県,19121 ,107842 ,2968623000000 
2004-01-01,山形県,18592 ,105549 ,2833161000000 
2007-01-01,山形県,16906 ,99082 ,2702748000000 
2012-01-01,山形県,15281 ,92687 ,2210528000000 
2014-01-01,山形県,14982 ,93732 ,2359956000000 
1988-01-01,福島県,35998 ,164033 ,5018163000000 
1991-01-01,福島県,36404 ,174515 ,6286008000000 
1994-01-01,福島県,33864 ,175389 ,6227167000000 
1997-01-01,福島県,32485 ,176035 ,6039323000000 
1999-01-01,福島県,32036 ,180321 ,5483641000000 
2002-01-01,福島県,29802 ,178744 ,4898557000000 
2004-01-01,福島県,28644 ,171586 ,4720635000000 
2007-01-01,福島県,26124 ,164752 ,4670152000000 
2012-01-01,福島県,22512 ,145399 ,3686025000000 
2014-01-01,福島県,22761 ,149337 ,4198631000000 
1988-01-01,茨城県,42210 ,203030 ,6406492000000 
1991-01-01,茨城県,42733 ,210800 ,8236929000000 
1994-01-01,茨城県,40057 ,221501 ,7656383000000 
1997-01-01,茨城県,38974 ,226264 ,7994545000000 
1999-01-01,茨城県,38782 ,247074 ,7866886000000 
2002-01-01,茨城県,35633 ,235483 ,6574412000000 
2004-01-01,茨城県,34642 ,231904 ,6651294000000 
2007-01-01,茨城県,31248 ,214725 ,6869837000000 
2012-01-01,茨城県,30377 ,218371 ,5958757000000 
2014-01-01,茨城県,30491 ,223094 ,6248788000000 
1988-01-01,栃木県,32716 ,156578 ,5318259000000 
1991-01-01,栃木県,32701 ,160509 ,6638527000000 
1994-01-01,栃木県,30548 ,168684 ,5883681000000 
1997-01-01,栃木県,28938 ,165084 ,6143159000000 
1999-01-01,栃木県,29466 ,178145 ,6055821000000 
2002-01-01,栃木県,26936 ,171067 ,5646460000000 
2004-01-01,栃木県,25752 ,165252 ,5472396000000 
2007-01-01,栃木県,23991 ,159909 ,5650308000000 
2012-01-01,栃木県,22578 ,153399 ,4901531000000 
2014-01-01,栃木県,22346 ,158132 ,4565416000000 
1988-01-01,群馬県,32742 ,155939 ,5546325000000 
1991-01-01,群馬県,33038 ,160709 ,7123027000000 
1994-01-01,群馬県,30626 ,167983 ,6495029000000 
1997-01-01,群馬県,28699 ,166671 ,6403462000000 
1999-01-01,群馬県,29560 ,182396 ,6267695000000 
2002-01-01,群馬県,27823 ,180612 ,5362438000000 
2004-01-01,群馬県,26922 ,173901 ,6045598000000 
2007-01-01,群馬県,24771 ,169896 ,6830048000000 
2012-01-01,群馬県,22958 ,164824 ,6254480000000 
2014-01-01,群馬県,22796 ,163824 ,6155549000000 
1988-01-01,埼玉県,73896 ,393471 ,12710247000000 
1991-01-01,埼玉県,75330 ,422684 ,18070796000000 
1994-01-01,埼玉県,70469 ,452780 ,17667863000000 
1997-01-01,埼玉県,66528 ,446444 ,17365362000000 
1999-01-01,埼玉県,68882 ,504982 ,17011066000000 
2002-01-01,埼玉県,63216 ,489542 ,15024770000000 
2004-01-01,埼玉県,58104 ,462440 ,14363838000000 
2007-01-01,埼玉県,56427 ,467022 ,15153850000000 
2012-01-01,埼玉県,57812 ,501145 ,14809070000000 
2014-01-01,埼玉県,58581 ,520389 ,14333482000000 
1988-01-01,千葉県,62793 ,346682 ,10602889000000 
1991-01-01,千葉県,64245 ,406417 ,14269039000000 
1994-01-01,千葉県,62174 ,411336 ,14003369000000 
1997-01-01,千葉県,58340 ,396246 ,13945684000000 
1999-01-01,千葉県,58540 ,431991 ,13427469000000 
2002-01-01,千葉県,54686 ,430162 ,12294183000000 
2004-01-01,千葉県,52569 ,418924 ,11607883000000 
2007-01-01,千葉県,48596 ,414626 ,12322192000000 
2012-01-01,千葉県,48023 ,420021 ,10877497000000 
2014-01-01,千葉県,48366 ,429736 ,10625836000000 
1988-01-01,東京都,216149 ,1617888 ,166787170000000 
1991-01-01,東京都,216768 ,1729349 ,217805390000000 
1994-01-01,東京都,195609 ,1684201 ,195342684000000 
1997-01-01,東京都,183220 ,1545497 ,166562237000000 
1999-01-01,東京都,193280 ,1808136 ,203119015000000 
2002-01-01,東京都,176669 ,1713852 ,176704287000000 
2004-01-01,東京都,171155 ,1665591 ,176898500000000 
2007-01-01,東京都,149965 ,1574020 ,182211327000000 
2012-01-01,東京都,154578 ,1861749 ,162249497000000 
2014-01-01,東京都,157968 ,1945838 ,167859560000000 
1988-01-01,神奈川県,88889 ,530530 ,18844514000000 
1991-01-01,神奈川県,89501 ,547979 ,25496924000000 
1994-01-01,神奈川県,85033 ,591521 ,22513563000000 
1997-01-01,神奈川県,80793 ,577314 ,22320469000000 
1999-01-01,神奈川県,82979 ,654499 ,23037703000000 
2002-01-01,神奈川県,76460 ,632616 ,20028848000000 
2004-01-01,神奈川県,74540 ,621811 ,19818957000000 
2007-01-01,神奈川県,67716 ,605617 ,20946950000000 
2012-01-01,神奈川県,67842 ,627756 ,18373646000000 
2014-01-01,神奈川県,68821 ,666993 ,16933777000000 
1988-01-01,新潟県,46797 ,224352 ,7652424000000 
1991-01-01,新潟県,46532 ,231353 ,9326382000000 
1994-01-01,新潟県,43581 ,233057 ,9347239000000 
1997-01-01,新潟県,40848 ,222917 ,9354318000000 
1999-01-01,新潟県,41295 ,237429 ,8510580000000 
2002-01-01,新潟県,38109 ,229471 ,7330619000000 
2004-01-01,新潟県,36512 ,223858 ,7215214000000 
2007-01-01,新潟県,34087 ,214156 ,7185195000000 
2012-01-01,新潟県,31149 ,200434 ,6270086000000 
2014-01-01,新潟県,30167 ,208482 ,6198269000000 
1988-01-01,富山県,22825 ,105763 ,4004134000000 
1991-01-01,富山県,22855 ,109167 ,4696770000000 
1994-01-01,富山県,21514 ,110971 ,4404329000000 
1997-01-01,富山県,19793 ,105817 ,4435226000000 
1999-01-01,富山県,20882 ,112917 ,3872466000000 
2002-01-01,富山県,18968 ,107992 ,3305066000000 
2004-01-01,富山県,17995 ,103434 ,3278317000000 
2007-01-01,富山県,16409 ,97614 ,3297996000000 
2012-01-01,富山県,14645 ,91075 ,2901044000000 
2014-01-01,富山県,14339 ,92349 ,2758369000000 
1988-01-01,石川県,22264 ,111355 ,4291744000000 
1991-01-01,石川県,22764 ,115668 ,5548117000000 
1994-01-01,石川県,21138 ,117854 ,5195424000000 
1997-01-01,石川県,19964 ,118147 ,5474906000000 
1999-01-01,石川県,20167 ,125261 ,5212840000000 
2002-01-01,石川県,18379 ,117839 ,4280880000000 
2004-01-01,石川県,18091 ,115045 ,4335303000000 
2007-01-01,石川県,16564 ,107999 ,4157618000000 
2012-01-01,石川県,15737 ,106311 ,3457293000000 
2014-01-01,石川県,15563 ,107069 ,3469437000000 
1988-01-01,福井県,16700 ,77684 ,2557701000000 
1991-01-01,福井県,16610 ,79888 ,3047075000000 
1994-01-01,福井県,15437 ,79295 ,3033084000000 
1997-01-01,福井県,14504 ,75746 ,3004517000000 
1999-01-01,福井県,14858 ,82204 ,2779946000000 
2002-01-01,福井県,13731 ,80517 ,2315651000000 
2004-01-01,福井県,13295 ,76940 ,2296069000000 
2007-01-01,福井県,12021 ,73751 ,2230298000000 
2012-01-01,福井県,11075 ,71668 ,1817537000000 
2014-01-01,福井県,11018 ,73687 ,1843056000000 
1988-01-01,山梨県,15985 ,69225 ,1950166000000 
1991-01-01,山梨県,15739 ,69622 ,2301023000000 
1994-01-01,山梨県,14735 ,73549 ,2304621000000 
1997-01-01,山梨県,13597 ,70507 ,2123488000000 
1999-01-01,山梨県,13990 ,76428 ,2164761000000 
2002-01-01,山梨県,13141 ,75420 ,1928163000000 
2004-01-01,山梨県,12361 ,72057 ,1938459000000 
2007-01-01,山梨県,11280 ,68580 ,1899724000000 
2012-01-01,山梨県,10491 ,66474 ,1569718000000 
2014-01-01,山梨県,10320 ,67953 ,1612008000000 
1988-01-01,長野県,36050 ,178074 ,6781124000000 
1991-01-01,長野県,36219 ,183191 ,8366184000000 
1994-01-01,長野県,34595 ,194089 ,8051875000000 
1997-01-01,長野県,32814 ,188211 ,7682091000000 
1999-01-01,長野県,33407 ,204273 ,7406358000000 
2002-01-01,長野県,30731 ,197604 ,6464420000000 
2004-01-01,長野県,29538 ,187479 ,6062901000000 
2007-01-01,長野県,27362 ,183819 ,5832187000000 
2012-01-01,長野県,25547 ,168136 ,4943557000000 
2014-01-01,長野県,25693 ,175556 ,4994846000000 
1988-01-01,岐阜県,37161 ,176275 ,5376986000000 
1991-01-01,岐阜県,37346 ,179844 ,6515201000000 
1994-01-01,岐阜県,34904 ,185928 ,6100767000000 
1997-01-01,岐阜県,33615 ,184750 ,6143871000000 
1999-01-01,岐阜県,33661 ,200100 ,6125140000000 
2002-01-01,岐阜県,30909 ,191204 ,5234017000000 
2004-01-01,岐阜県,29231 ,182493 ,4918143000000 
2007-01-01,岐阜県,27006 ,176723 ,4760601000000 
2012-01-01,岐阜県,25304 ,168471 ,3996899000000 
2014-01-01,岐阜県,24876 ,170085 ,4177811000000 
1988-01-01,静岡県,65091 ,321025 ,12374961000000 
1991-01-01,静岡県,65439 ,327492 ,15869694000000 
1994-01-01,静岡県,62266 ,348165 ,14481618000000 
1997-01-01,静岡県,58614 ,330762 ,14166440000000 
1999-01-01,静岡県,57063 ,347469 ,12513921000000 
2002-01-01,静岡県,53891 ,338914 ,11266379000000 
2004-01-01,静岡県,51112 ,324704 ,10757163000000 
2007-01-01,静岡県,47394 ,317092 ,11054615000000 
2012-01-01,静岡県,45480 ,314916 ,9387809000000 
2014-01-01,静岡県,44711 ,309491 ,9451754000000 
1988-01-01,愛知県,112211 ,679633 ,50039116000000 
1991-01-01,愛知県,112915 ,715931 ,64468286000000 
1994-01-01,愛知県,106764 ,752292 ,56995094000000 
1997-01-01,愛知県,103020 ,733255 ,58859148000000 
1999-01-01,愛知県,101414 ,770562 ,52513230000000 
2002-01-01,愛知県,92110 ,734312 ,41525491000000 
2004-01-01,愛知県,86922 ,698790 ,40882453000000 
2007-01-01,愛知県,80001 ,694512 ,43443249000000 
2012-01-01,愛知県,79439 ,688813 ,36548294000000 
2014-01-01,愛知県,79832 ,730943 ,35673782000000 
1988-01-01,三重県,30314 ,141862 ,3898572000000 
1991-01-01,三重県,30537 ,141560 ,4715181000000 
1994-01-01,三重県,28823 ,151871 ,4495007000000 
1997-01-01,三重県,27739 ,150665 ,4457164000000 
1999-01-01,三重県,27567 ,161925 ,4428882000000 
2002-01-01,三重県,24769 ,151966 ,3828670000000 
2004-01-01,三重県,23265 ,146728 ,3843820000000 
2007-01-01,三重県,21602 ,145169 ,3940384000000 
2012-01-01,三重県,20311 ,140995 ,3332805000000 
2014-01-01,三重県,20413 ,142686 ,3471684000000 
1988-01-01,滋賀県,18254 ,84244 ,2197264000000 
1991-01-01,滋賀県,18541 ,90369 ,2882311000000 
1994-01-01,滋賀県,17632 ,95496 ,2708060000000 
1997-01-01,滋賀県,16640 ,96183 ,2919005000000 
1999-01-01,滋賀県,17326 ,110959 ,2939440000000 
2002-01-01,滋賀県,15941 ,108903 ,2543282000000 
2004-01-01,滋賀県,15310 ,105934 ,2516919000000 
2007-01-01,滋賀県,14008 ,103138 ,2516575000000 
2012-01-01,滋賀県,13520 ,105169 ,2164990000000 
2014-01-01,滋賀県,13669 ,107649 ,2333860000000 
1988-01-01,京都府,48229 ,261175 ,8404914000000 
1991-01-01,京都府,47891 ,265110 ,10150590000000 
1994-01-01,京都府,45442 ,275638 ,9828027000000 
1997-01-01,京都府,42107 ,264609 ,9538921000000 
1999-01-01,京都府,42480 ,275904 ,8824399000000 
2002-01-01,京都府,38196 ,257523 ,7298154000000 
2004-01-01,京都府,37377 ,254510 ,7448711000000 
2007-01-01,京都府,34767 ,249668 ,7396170000000 
2012-01-01,京都府,30538 ,236942 ,6830092000000 
2014-01-01,京都府,30363 ,240578 ,5972895000000 
1988-01-01,大阪府,165755 ,1078423 ,79973559000000 
1991-01-01,大阪府,164438 ,1122947 ,98117511000000 
1994-01-01,大阪府,153599 ,1103060 ,85544032000000 
1997-01-01,大阪府,142640 ,1044275 ,82880274000000 
1999-01-01,大阪府,142380 ,1108582 ,76602307000000 
2002-01-01,大阪府,126120 ,1049502 ,63063743000000 
2004-01-01,大阪府,120342 ,976734 ,60096953000000 
2007-01-01,大阪府,107650 ,913217 ,61660209000000 
2012-01-01,大阪府,105056 ,944558 ,53221666000000 
2014-01-01,大阪府,104838 ,984258 ,47303124000000 
1988-01-01,兵庫県,87327 ,430523 ,13984717000000 
1991-01-01,兵庫県,87409 ,450977 ,18135869000000 
1994-01-01,兵庫県,82149 ,471693 ,18018358000000 
1997-01-01,兵庫県,73609 ,441909 ,16346665000000 
1999-01-01,兵庫県,74205 ,482805 ,15870301000000 
2002-01-01,兵庫県,68451 ,453965 ,13177565000000 
2004-01-01,兵庫県,66265 ,445928 ,12914696000000 
2007-01-01,兵庫県,61597 ,434283 ,13269264000000 
2012-01-01,兵庫県,56671 ,426705 ,13077182000000 
2014-01-01,兵庫県,56981 ,442351 ,12107936000000 
1988-01-01,奈良県,17575 ,79660 ,1898309000000 
1991-01-01,奈良県,18255 ,83037 ,2274529000000 
1994-01-01,奈良県,16719 ,87119 ,2287093000000 
1997-01-01,奈良県,15681 ,86255 ,2361708000000 
1999-01-01,奈良県,16175 ,95791 ,2360174000000 
2002-01-01,奈良県,14838 ,97972 ,2096700000000 
2004-01-01,奈良県,14507 ,97508 ,2146574000000 
2007-01-01,奈良県,13460 ,93360 ,2126234000000 
2012-01-01,奈良県,12434 ,88198 ,1735192000000 
2014-01-01,奈良県,12538 ,90298 ,1842938000000 
1988-01-01,和歌山県,22001 ,89582 ,2020154000000 
1991-01-01,和歌山県,21587 ,89607 ,2317827000000 
1994-01-01,和歌山県,19785 ,88292 ,2301094000000 
1997-01-01,和歌山県,18705 ,85986 ,2244941000000 
1999-01-01,和歌山県,18783 ,91560 ,2241462000000 
2002-01-01,和歌山県,17258 ,89961 ,1952240000000 
2004-01-01,和歌山県,16739 ,84904 ,1855756000000 
2007-01-01,和歌山県,14871 ,82554 ,1866101000000 
2012-01-01,和歌山県,13910 ,79010 ,1777699000000 
2014-01-01,和歌山県,13370 ,79689 ,1824230000000 
1988-01-01,鳥取県,11079 ,52544 ,1517561000000 
1991-01-01,鳥取県,11062 ,54291 ,1750081000000 
1994-01-01,鳥取県,10388 ,54809 ,1747118000000 
1997-01-01,鳥取県,9839 ,55594 ,1870914000000 
1999-01-01,鳥取県,9380 ,55617 ,1686139000000 
2002-01-01,鳥取県,8886 ,55331 ,1507277000000 
2004-01-01,鳥取県,8482 ,51922 ,1478413000000 
2007-01-01,鳥取県,7770 ,50030 ,1348156000000 
2012-01-01,鳥取県,7216 ,46063 ,1108140000000 
2014-01-01,鳥取県,7171 ,47302 ,1162837000000 
1988-01-01,島根県,15771 ,66845 ,1735214000000 
1991-01-01,島根県,15823 ,68069 ,1945218000000 
1994-01-01,島根県,14344 ,67380 ,1872464000000 
1997-01-01,島根県,13612 ,65581 ,2018762000000 
1999-01-01,島根県,13993 ,69388 ,1869131000000 
2002-01-01,島根県,12940 ,68204 ,1705491000000 
2004-01-01,島根県,12087 ,64344 ,1642950000000 
2007-01-01,島根県,10782 ,59793 ,1421377000000 
2012-01-01,島根県,10189 ,56412 ,1220994000000 
2014-01-01,島根県,9794 ,56945 ,1381681000000 
1988-01-01,岡山県,32748 ,160596 ,5323789000000 
1991-01-01,岡山県,32765 ,168309 ,6628500000000 
1994-01-01,岡山県,29820 ,168985 ,6725831000000 
1997-01-01,岡山県,28259 ,163554 ,6394917000000 
1999-01-01,岡山県,29090 ,182454 ,6402412000000 
2002-01-01,岡山県,26243 ,171028 ,5518944000000 
2004-01-01,岡山県,25468 ,166363 ,5451640000000 
2007-01-01,岡山県,23097 ,160901 ,5181731000000 
2012-01-01,岡山県,22174 ,157403 ,4692991000000 
2014-01-01,岡山県,22037 ,163919 ,4579628000000 
1988-01-01,広島県,50624 ,274382 ,12336282000000 
1991-01-01,広島県,51235 ,289533 ,16768280000000 
1994-01-01,広島県,47614 ,301092 ,14850577000000 
1997-01-01,広島県,44015 ,282192 ,14432120000000 
1999-01-01,広島県,45102 ,310002 ,14240285000000 
2002-01-01,広島県,40708 ,289445 ,12567940000000 
2004-01-01,広島県,39264 ,278214 ,11992582000000 
2007-01-01,広島県,35839 ,262675 ,11868449000000 
2012-01-01,広島県,34350 ,260532 ,10510505000000 
2014-01-01,広島県,34332 ,268663 ,10456235000000 
1988-01-01,山口県,30357 ,143384 ,4247011000000 
1991-01-01,山口県,30110 ,141340 ,4878498000000 
1994-01-01,山口県,27156 ,139250 ,4206686000000 
1997-01-01,山口県,25022 ,134964 ,4192086000000 
1999-01-01,山口県,25682 ,146830 ,4302054000000 
2002-01-01,山口県,23260 ,136229 ,3595032000000 
2004-01-01,山口県,22160 ,131380 ,3557428000000 
2007-01-01,山口県,20010 ,124572 ,3548663000000 
2012-01-01,山口県,17805 ,115290 ,2677099000000 
2014-01-01,山口県,17501 ,115189 ,2781387000000 
1988-01-01,徳島県,17231 ,69804 ,1713162000000 
1991-01-01,徳島県,17286 ,71275 ,1997125000000 
1994-01-01,徳島県,16074 ,71730 ,2020498000000 
1997-01-01,徳島県,15299 ,71013 ,2091086000000 
1999-01-01,徳島県,15131 ,75764 ,2115728000000 
2002-01-01,徳島県,13466 ,72347 ,1821844000000 
2004-01-01,徳島県,12512 ,67465 ,1762088000000 
2007-01-01,徳島県,10982 ,62825 ,1661534000000 
2012-01-01,徳島県,10187 ,58902 ,1319368000000 
2014-01-01,徳島県,9985 ,60999 ,1343338000000 
1988-01-01,香川県,20130 ,100196 ,4210279000000 
1991-01-01,香川県,20610 ,103995 ,5358645000000 
1994-01-01,香川県,19236 ,105247 ,5025893000000 
1997-01-01,香川県,17940 ,101280 ,5225175000000 
1999-01-01,香川県,17829 ,110863 ,5216528000000 
2002-01-01,香川県,16259 ,102199 ,4282163000000 
2004-01-01,香川県,15369 ,99081 ,3889681000000 
2007-01-01,香川県,13983 ,93172 ,3980519000000 
2012-01-01,香川県,13074 ,89336 ,3191483000000 
2014-01-01,香川県,13074 ,93335 ,3044683000000 
1988-01-01,愛媛県,28601 ,125486 ,3706871000000 
1991-01-01,愛媛県,29341 ,133512 ,4700671000000 
1994-01-01,愛媛県,26905 ,132820 ,4525313000000 
1997-01-01,愛媛県,25104 ,130524 ,4471156000000 
1999-01-01,愛媛県,25493 ,138094 ,4309380000000 
2002-01-01,愛媛県,23564 ,135797 ,3923283000000 
2004-01-01,愛媛県,22028 ,128642 ,3803532000000 
2007-01-01,愛媛県,19600 ,119974 ,3537416000000 
2012-01-01,愛媛県,18192 ,116230 ,3159458000000 
2014-01-01,愛媛県,17484 ,114993 ,3137330000000 
1988-01-01,高知県,17855 ,75368 ,1663399000000 
1991-01-01,高知県,17586 ,76910 ,1912179000000 
1994-01-01,高知県,16083 ,74469 ,1955553000000 
1997-01-01,高知県,15097 ,73950 ,1970614000000 
1999-01-01,高知県,15278 ,79592 ,1950568000000 
2002-01-01,高知県,13430 ,72645 ,1705016000000 
2004-01-01,高知県,12539 ,70378 ,1664090000000 
2007-01-01,高知県,11702 ,66062 ,1593153000000 
2012-01-01,高知県,10624 ,62153 ,1318886000000 
2014-01-01,高知県,10405 ,63683 ,1434686000000 
1988-01-01,福岡県,83090 ,471247 ,21459858000000 
1991-01-01,福岡県,85640 ,499874 ,26637624000000 
1994-01-01,福岡県,80311 ,517061 ,26269707000000 
1997-01-01,福岡県,76821 ,523173 ,28327288000000 
1999-01-01,福岡県,76217 ,541281 ,26648469000000 
2002-01-01,福岡県,70641 ,502759 ,22034564000000 
2004-01-01,福岡県,69401 ,499221 ,21690145000000 
2007-01-01,福岡県,64043 ,479210 ,22126399000000 
2012-01-01,福岡県,60494 ,465612 ,18513169000000 
2014-01-01,福岡県,61620 ,487644 ,18223495000000 
1988-01-01,佐賀県,15752 ,72268 ,1743568000000 
1991-01-01,佐賀県,16016 ,72646 ,2104106000000 
1994-01-01,佐賀県,15222 ,76925 ,2212130000000 
1997-01-01,佐賀県,14604 ,75483 ,2204386000000 
1999-01-01,佐賀県,14329 ,79545 ,2123964000000 
2002-01-01,佐賀県,13301 ,75875 ,1875024000000 
2004-01-01,佐賀県,12657 ,72955 ,1907941000000 
2007-01-01,佐賀県,11969 ,71221 ,1835911000000 
2012-01-01,佐賀県,10672 ,66943 ,1533124000000 
2014-01-01,佐賀県,10626 ,70556 ,1465363000000 
1988-01-01,長崎県,28930 ,128641 ,3062951000000 
1991-01-01,長崎県,27634 ,124884 ,3589144000000 
1994-01-01,長崎県,26784 ,134033 ,3791170000000 
1997-01-01,長崎県,24843 ,127914 ,3794749000000 
1999-01-01,長崎県,25621 ,138639 ,3788907000000 
2002-01-01,長崎県,23569 ,134487 ,3298063000000 
2004-01-01,長崎県,22624 ,128395 ,3359017000000 
2007-01-01,長崎県,20413 ,118872 ,3024321000000 
2012-01-01,長崎県,18444 ,110708 ,2771611000000 
2014-01-01,長崎県,18107 ,112368 ,2787832000000 
1988-01-01,熊本県,31169 ,147960 ,4010082000000 
1991-01-01,熊本県,32155 ,158098 ,5125691000000 
1994-01-01,熊本県,29814 ,161197 ,4932451000000 
1997-01-01,熊本県,27766 ,155859 ,5052698000000 
1999-01-01,熊本県,27769 ,166685 ,4817655000000 
2002-01-01,熊本県,25696 ,162563 ,4184779000000 
2004-01-01,熊本県,25263 ,160822 ,4109728000000 
2007-01-01,熊本県,22976 ,150135 ,3950340000000 
2012-01-01,熊本県,21697 ,144596 ,3365885000000 
2014-01-01,熊本県,21272 ,144523 ,3669910000000 
1988-01-01,大分県,22806 ,106647 ,2465555000000 
1991-01-01,大分県,23060 ,108995 ,2980757000000 
1994-01-01,大分県,21164 ,109391 ,3105192000000 
1997-01-01,大分県,20392 ,109094 ,3182878000000 
1999-01-01,大分県,20160 ,114068 ,3055539000000 
2002-01-01,大分県,18864 ,109890 ,2695568000000 
2004-01-01,大分県,17981 ,104560 ,2585716000000 
2007-01-01,大分県,16218 ,100651 ,2557027000000 
2012-01-01,大分県,14841 ,97332 ,2051594000000 
2014-01-01,大分県,14525 ,95697 ,2153984000000 
1988-01-01,宮崎県,21616 ,98082 ,2555352000000 
1991-01-01,宮崎県,21664 ,102125 ,3196228000000 
1994-01-01,宮崎県,19677 ,100767 ,3054133000000 
1997-01-01,宮崎県,18271 ,98527 ,3037127000000 
1999-01-01,宮崎県,18546 ,104008 ,3022894000000 
2002-01-01,宮崎県,17293 ,101842 ,2696485000000 
2004-01-01,宮崎県,16795 ,100583 ,2690352000000 
2007-01-01,宮崎県,15674 ,95939 ,2586434000000 
2012-01-01,宮崎県,14380 ,91238 ,2206903000000 
2014-01-01,宮崎県,14093 ,91936 ,2404753000000 
1988-01-01,鹿児島県,34111 ,144341 ,3876844000000 
1991-01-01,鹿児島県,33436 ,148112 ,4670520000000 
1994-01-01,鹿児島県,30808 ,150358 ,4689322000000 
1997-01-01,鹿児島県,28407 ,142675 ,4611695000000 
1999-01-01,鹿児島県,28661 ,152786 ,4574972000000 
2002-01-01,鹿児島県,26864 ,149609 ,4331959000000 
2004-01-01,鹿児島県,26158 ,146249 ,4233833000000 
2007-01-01,鹿児島県,23858 ,140281 ,4026665000000 
2012-01-01,鹿児島県,22124 ,136694 ,3532681000000 
2014-01-01,鹿児島県,21901 ,139736 ,3710568000000 
1988-01-01,沖縄県,25493 ,96538 ,1994956000000 
1991-01-01,沖縄県,25307 ,101634 ,2526594000000 
1994-01-01,沖縄県,23309 ,103979 ,2461954000000 
1997-01-01,沖縄県,21206 ,97520 ,2509305000000 
1999-01-01,沖縄県,21564 ,106980 ,2675137000000 
2002-01-01,沖縄県,20123 ,108486 ,2492057000000 
2004-01-01,沖縄県,19320 ,110759 ,2485060000000 
2007-01-01,沖縄県,17926 ,107623 ,2605252000000 
2012-01-01,沖縄県,16135 ,105690 ,2125179000000 
2014-01-01,沖縄県,16150 ,111656 ,2348786000000 
